{
  "project_info": {
    "project_number": "396668859077",
    "project_id": "pandemic-resolution",
    "storage_bucket": "pandemic-resolution.appspot.com"
  },
  "client": [
    {
      "client_info": {
        "mobilesdk_app_id": "1:396668859077:android:cd5f2d0c992567a993f6ac",
        "android_client_info": {
          "package_name": "com.example.pandemicresolution"
        }
      },
      "oauth_client": [
        {
          "client_id": "396668859077-8cu6veet6bgjhno1lb6d6hkev1ld4kdb.apps.googleusercontent.com",
          "client_type": 3
        }
      ],
      "api_key": [
        {
          "current_key": "AIzaSyA9x7KBU9LPUIDeHGnnmQnVsKABmxD1e-w"
        }
      ],
      "services": {
        "appinvite_service": {
          "other_platform_oauth_client": [
            {
              "client_id": "396668859077-8cu6veet6bgjhno1lb6d6hkev1ld4kdb.apps.googleusercontent.com",
              "client_type": 3
            }
          ]
        }
      }
    }
  ],
  "configuration_version": "1"
}